school_code;school_name;grade;language;groups
2440030;1ο ΕΠΑΛ ΚΕΡΚΥΡΑΣ;Α;Αγγλικά;5
2440030;1ο ΕΠΑΛ ΚΕΡΚΥΡΑΣ;Β;Αγγλικά;8
2440030;1ο ΕΠΑΛ ΚΕΡΚΥΡΑΣ;Γ;Αγγλικά;7
2451010;1ο ΗΜΕΡΗΣΙΟ ΓΕΝΙΚΟ ΛΥΚΕΙΟ ΚΕΡΚΥΡΑΣ;Α;Αγγλικά;3
2451010;1ο ΗΜΕΡΗΣΙΟ ΓΕΝΙΚΟ ΛΥΚΕΙΟ ΚΕΡΚΥΡΑΣ;Α;Γαλλικά;2
2451010;1ο ΗΜΕΡΗΣΙΟ ΓΕΝΙΚΟ ΛΥΚΕΙΟ ΚΕΡΚΥΡΑΣ;Α;Γερμανικά;2
2451010;1ο ΗΜΕΡΗΣΙΟ ΓΕΝΙΚΟ ΛΥΚΕΙΟ ΚΕΡΚΥΡΑΣ;Β;Αγγλικά;4
2451010;1ο ΗΜΕΡΗΣΙΟ ΓΕΝΙΚΟ ΛΥΚΕΙΟ ΚΕΡΚΥΡΑΣ;Β;Γαλλικά;2
2451010;1ο ΗΜΕΡΗΣΙΟ ΓΕΝΙΚΟ ΛΥΚΕΙΟ ΚΕΡΚΥΡΑΣ;Β;Γερμανικά;3
2451010;1ο ΗΜΕΡΗΣΙΟ ΓΕΝΙΚΟ ΛΥΚΕΙΟ ΚΕΡΚΥΡΑΣ;Γ;Αγγλικά;5
2401010;1ο ΗΜΕΡΗΣΙΟ ΓΥΜΝΑΣΙΟ ΚΕΡΚΥΡΑΣ;Α;Αγγλικά;3
2401010;1ο ΗΜΕΡΗΣΙΟ ΓΥΜΝΑΣΙΟ ΚΕΡΚΥΡΑΣ;Α;Γαλλικά;2
2401010;1ο ΗΜΕΡΗΣΙΟ ΓΥΜΝΑΣΙΟ ΚΕΡΚΥΡΑΣ;Α;Γερμανικά;1
2401010;1ο ΗΜΕΡΗΣΙΟ ΓΥΜΝΑΣΙΟ ΚΕΡΚΥΡΑΣ;Β;Αγγλικά;3
2401010;1ο ΗΜΕΡΗΣΙΟ ΓΥΜΝΑΣΙΟ ΚΕΡΚΥΡΑΣ;Β;Γαλλικά;2
2401010;1ο ΗΜΕΡΗΣΙΟ ΓΥΜΝΑΣΙΟ ΚΕΡΚΥΡΑΣ;Β;Γερμανικά;1
2401010;1ο ΗΜΕΡΗΣΙΟ ΓΥΜΝΑΣΙΟ ΚΕΡΚΥΡΑΣ;Γ;Αγγλικά;4
2401010;1ο ΗΜΕΡΗΣΙΟ ΓΥΜΝΑΣΙΟ ΚΕΡΚΥΡΑΣ;Γ;Γαλλικά;2
2401010;1ο ΗΜΕΡΗΣΙΟ ΓΥΜΝΑΣΙΟ ΚΕΡΚΥΡΑΣ;Γ;Γερμανικά;2
2440050;1ο ΗΜΕΡΗΣΙΟ ΕΠΑΛ ΚΑΤΩ ΚΟΡΑΚΙΑΝΑΣ;Α;Αγγλικά;1
2440050;1ο ΗΜΕΡΗΣΙΟ ΕΠΑΛ ΚΑΤΩ ΚΟΡΑΚΙΑΝΑΣ;Β;Αγγλικά;1
2440050;1ο ΗΜΕΡΗΣΙΟ ΕΠΑΛ ΚΑΤΩ ΚΟΡΑΚΙΑΝΑΣ;Γ;Αγγλικά;1
2451020;2ο ΗΜΕΡΗΣΙΟ ΓΕΝΙΚΟ ΛΥΚΕΙΟ ΚΕΡΚΥΡΑΣ;Α;Αγγλικά;4
2451020;2ο ΗΜΕΡΗΣΙΟ ΓΕΝΙΚΟ ΛΥΚΕΙΟ ΚΕΡΚΥΡΑΣ;Α;Γαλλικά;2
2451020;2ο ΗΜΕΡΗΣΙΟ ΓΕΝΙΚΟ ΛΥΚΕΙΟ ΚΕΡΚΥΡΑΣ;Α;Γερμανικά;2
2451020;2ο ΗΜΕΡΗΣΙΟ ΓΕΝΙΚΟ ΛΥΚΕΙΟ ΚΕΡΚΥΡΑΣ;Β;Αγγλικά;4
2451020;2ο ΗΜΕΡΗΣΙΟ ΓΕΝΙΚΟ ΛΥΚΕΙΟ ΚΕΡΚΥΡΑΣ;Β;Γαλλικά;2
2451020;2ο ΗΜΕΡΗΣΙΟ ΓΕΝΙΚΟ ΛΥΚΕΙΟ ΚΕΡΚΥΡΑΣ;Β;Γερμανικά;3
2451020;2ο ΗΜΕΡΗΣΙΟ ΓΕΝΙΚΟ ΛΥΚΕΙΟ ΚΕΡΚΥΡΑΣ;Γ;Αγγλικά;5
2401020;2ο ΗΜΕΡΗΣΙΟ ΓΥΜΝΑΣΙΟ ΚΕΡΚΥΡΑΣ;Α;Αγγλικά;4
2401020;2ο ΗΜΕΡΗΣΙΟ ΓΥΜΝΑΣΙΟ ΚΕΡΚΥΡΑΣ;Α;Γαλλικά;2
2401020;2ο ΗΜΕΡΗΣΙΟ ΓΥΜΝΑΣΙΟ ΚΕΡΚΥΡΑΣ;Α;Γερμανικά;2
2401020;2ο ΗΜΕΡΗΣΙΟ ΓΥΜΝΑΣΙΟ ΚΕΡΚΥΡΑΣ;Β;Αγγλικά;4
2401020;2ο ΗΜΕΡΗΣΙΟ ΓΥΜΝΑΣΙΟ ΚΕΡΚΥΡΑΣ;Β;Γαλλικά;1
2401020;2ο ΗΜΕΡΗΣΙΟ ΓΥΜΝΑΣΙΟ ΚΕΡΚΥΡΑΣ;Β;Γερμανικά;3
2401020;2ο ΗΜΕΡΗΣΙΟ ΓΥΜΝΑΣΙΟ ΚΕΡΚΥΡΑΣ;Γ;Αγγλικά;3
2401020;2ο ΗΜΕΡΗΣΙΟ ΓΥΜΝΑΣΙΟ ΚΕΡΚΥΡΑΣ;Γ;Γαλλικά;1
2401020;2ο ΗΜΕΡΗΣΙΟ ΓΥΜΝΑΣΙΟ ΚΕΡΚΥΡΑΣ;Γ;Γερμανικά;2
2451030;3ο ΗΜΕΡΗΣΙΟ ΓΕΝΙΚΟ ΛΥΚΕΙΟ ΚΕΡΚΥΡΑΣ;Α;Αγγλικά;4
2451030;3ο ΗΜΕΡΗΣΙΟ ΓΕΝΙΚΟ ΛΥΚΕΙΟ ΚΕΡΚΥΡΑΣ;Α;Γαλλικά;4
2451030;3ο ΗΜΕΡΗΣΙΟ ΓΕΝΙΚΟ ΛΥΚΕΙΟ ΚΕΡΚΥΡΑΣ;Α;Γερμανικά;4
2451030;3ο ΗΜΕΡΗΣΙΟ ΓΕΝΙΚΟ ΛΥΚΕΙΟ ΚΕΡΚΥΡΑΣ;Β;Αγγλικά;4
2451030;3ο ΗΜΕΡΗΣΙΟ ΓΕΝΙΚΟ ΛΥΚΕΙΟ ΚΕΡΚΥΡΑΣ;Β;Γαλλικά;3
2451030;3ο ΗΜΕΡΗΣΙΟ ΓΕΝΙΚΟ ΛΥΚΕΙΟ ΚΕΡΚΥΡΑΣ;Β;Γερμανικά;3
2451030;3ο ΗΜΕΡΗΣΙΟ ΓΕΝΙΚΟ ΛΥΚΕΙΟ ΚΕΡΚΥΡΑΣ;Γ;Αγγλικά;5
2401030;3ο ΗΜΕΡΗΣΙΟ ΓΥΜΝΑΣΙΟ ΚΕΡΚΥΡΑΣ;Α;Αγγλικά;3
2401030;3ο ΗΜΕΡΗΣΙΟ ΓΥΜΝΑΣΙΟ ΚΕΡΚΥΡΑΣ;Α;Γαλλικά;2
2401030;3ο ΗΜΕΡΗΣΙΟ ΓΥΜΝΑΣΙΟ ΚΕΡΚΥΡΑΣ;Α;Γερμανικά;2
2401030;3ο ΗΜΕΡΗΣΙΟ ΓΥΜΝΑΣΙΟ ΚΕΡΚΥΡΑΣ;Β;Αγγλικά;3
2401030;3ο ΗΜΕΡΗΣΙΟ ΓΥΜΝΑΣΙΟ ΚΕΡΚΥΡΑΣ;Β;Γαλλικά;1
2401030;3ο ΗΜΕΡΗΣΙΟ ΓΥΜΝΑΣΙΟ ΚΕΡΚΥΡΑΣ;Β;Γερμανικά;2
2401030;3ο ΗΜΕΡΗΣΙΟ ΓΥΜΝΑΣΙΟ ΚΕΡΚΥΡΑΣ;Γ;Αγγλικά;3
2401030;3ο ΗΜΕΡΗΣΙΟ ΓΥΜΝΑΣΙΟ ΚΕΡΚΥΡΑΣ;Γ;Γαλλικά;2
2401030;3ο ΗΜΕΡΗΣΙΟ ΓΥΜΝΑΣΙΟ ΚΕΡΚΥΡΑΣ;Γ;Γερμανικά;2
2451040;4ο ΓΕΝΙΚΟ ΛΥΚΕΙΟ ΚΕΡΚΥΡΑΣ;Α;Αγγλικά;4
2451040;4ο ΓΕΝΙΚΟ ΛΥΚΕΙΟ ΚΕΡΚΥΡΑΣ;Α;Γαλλικά;1
2451040;4ο ΓΕΝΙΚΟ ΛΥΚΕΙΟ ΚΕΡΚΥΡΑΣ;Α;Γερμανικά;3
2451040;4ο ΓΕΝΙΚΟ ΛΥΚΕΙΟ ΚΕΡΚΥΡΑΣ;Β;Αγγλικά;5
2451040;4ο ΓΕΝΙΚΟ ΛΥΚΕΙΟ ΚΕΡΚΥΡΑΣ;Β;Γαλλικά;1
2451040;4ο ΓΕΝΙΚΟ ΛΥΚΕΙΟ ΚΕΡΚΥΡΑΣ;Β;Γερμανικά;4
2451040;4ο ΓΕΝΙΚΟ ΛΥΚΕΙΟ ΚΕΡΚΥΡΑΣ;Γ;Αγγλικά;5
2401040;4ο ΗΜΕΡΗΣΙΟ ΓΥΜΝΑΣΙΟ ΚΕΡΚΥΡΑΣ;Α;Αγγλικά;3
2401040;4ο ΗΜΕΡΗΣΙΟ ΓΥΜΝΑΣΙΟ ΚΕΡΚΥΡΑΣ;Α;Γαλλικά;2
2401040;4ο ΗΜΕΡΗΣΙΟ ΓΥΜΝΑΣΙΟ ΚΕΡΚΥΡΑΣ;Α;Γερμανικά;1
2401040;4ο ΗΜΕΡΗΣΙΟ ΓΥΜΝΑΣΙΟ ΚΕΡΚΥΡΑΣ;Β;Αγγλικά;3
2401040;4ο ΗΜΕΡΗΣΙΟ ΓΥΜΝΑΣΙΟ ΚΕΡΚΥΡΑΣ;Β;Γαλλικά;1
2401040;4ο ΗΜΕΡΗΣΙΟ ΓΥΜΝΑΣΙΟ ΚΕΡΚΥΡΑΣ;Β;Γερμανικά;2
2401040;4ο ΗΜΕΡΗΣΙΟ ΓΥΜΝΑΣΙΟ ΚΕΡΚΥΡΑΣ;Γ;Αγγλικά;3
2401040;4ο ΗΜΕΡΗΣΙΟ ΓΥΜΝΑΣΙΟ ΚΕΡΚΥΡΑΣ;Γ;Γαλλικά;1
2401040;4ο ΗΜΕΡΗΣΙΟ ΓΥΜΝΑΣΙΟ ΚΕΡΚΥΡΑΣ;Γ;Γερμανικά;2
2490030;5ο ΗΜΕΡΗΣΙΟ ΓΕΝΙΚΟ ΛΥΚΕΙΟ ΚΕΡΚΥΡΑΣ;Α;Αγγλικά;3
2490030;5ο ΗΜΕΡΗΣΙΟ ΓΕΝΙΚΟ ΛΥΚΕΙΟ ΚΕΡΚΥΡΑΣ;Α;Γαλλικά;2
2490030;5ο ΗΜΕΡΗΣΙΟ ΓΕΝΙΚΟ ΛΥΚΕΙΟ ΚΕΡΚΥΡΑΣ;Α;Γερμανικά;2
2490030;5ο ΗΜΕΡΗΣΙΟ ΓΕΝΙΚΟ ΛΥΚΕΙΟ ΚΕΡΚΥΡΑΣ;Β;Αγγλικά;3
2490030;5ο ΗΜΕΡΗΣΙΟ ΓΕΝΙΚΟ ΛΥΚΕΙΟ ΚΕΡΚΥΡΑΣ;Β;Γαλλικά;1
2490030;5ο ΗΜΕΡΗΣΙΟ ΓΕΝΙΚΟ ΛΥΚΕΙΟ ΚΕΡΚΥΡΑΣ;Β;Γερμανικά;2
2490030;5ο ΗΜΕΡΗΣΙΟ ΓΕΝΙΚΟ ΛΥΚΕΙΟ ΚΕΡΚΥΡΑΣ;Γ;Αγγλικά;3
2401050;5ο ΗΜΕΡΗΣΙΟ ΓΥΜΝΑΣΙΟ ΚΕΡΚΥΡΑΣ;Α;Αγγλικά;3
2401050;5ο ΗΜΕΡΗΣΙΟ ΓΥΜΝΑΣΙΟ ΚΕΡΚΥΡΑΣ;Α;Γαλλικά;2
2401050;5ο ΗΜΕΡΗΣΙΟ ΓΥΜΝΑΣΙΟ ΚΕΡΚΥΡΑΣ;Α;Γερμανικά;1
2401050;5ο ΗΜΕΡΗΣΙΟ ΓΥΜΝΑΣΙΟ ΚΕΡΚΥΡΑΣ;Β;Αγγλικά;4
2401050;5ο ΗΜΕΡΗΣΙΟ ΓΥΜΝΑΣΙΟ ΚΕΡΚΥΡΑΣ;Β;Γαλλικά;3
2401050;5ο ΗΜΕΡΗΣΙΟ ΓΥΜΝΑΣΙΟ ΚΕΡΚΥΡΑΣ;Β;Γερμανικά;3
2401050;5ο ΗΜΕΡΗΣΙΟ ΓΥΜΝΑΣΙΟ ΚΕΡΚΥΡΑΣ;Γ;Αγγλικά;4
2401050;5ο ΗΜΕΡΗΣΙΟ ΓΥΜΝΑΣΙΟ ΚΕΡΚΥΡΑΣ;Γ;Γαλλικά;3
2401050;5ο ΗΜΕΡΗΣΙΟ ΓΥΜΝΑΣΙΟ ΚΕΡΚΥΡΑΣ;Γ;Γερμανικά;2
2401070;6ο ΗΜΕΡΗΣΙΟ ΓΥΜΝΑΣΙΟ ΚΕΡΚΥΡΑΣ;Α;Αγγλικά;3
2401070;6ο ΗΜΕΡΗΣΙΟ ΓΥΜΝΑΣΙΟ ΚΕΡΚΥΡΑΣ;Α;Γαλλικά;3
2401070;6ο ΗΜΕΡΗΣΙΟ ΓΥΜΝΑΣΙΟ ΚΕΡΚΥΡΑΣ;Α;Γερμανικά;1
2401070;6ο ΗΜΕΡΗΣΙΟ ΓΥΜΝΑΣΙΟ ΚΕΡΚΥΡΑΣ;Β;Αγγλικά;3
2401070;6ο ΗΜΕΡΗΣΙΟ ΓΥΜΝΑΣΙΟ ΚΕΡΚΥΡΑΣ;Β;Γαλλικά;2
2401070;6ο ΗΜΕΡΗΣΙΟ ΓΥΜΝΑΣΙΟ ΚΕΡΚΥΡΑΣ;Β;Γερμανικά;2
2401070;6ο ΗΜΕΡΗΣΙΟ ΓΥΜΝΑΣΙΟ ΚΕΡΚΥΡΑΣ;Γ;Αγγλικά;4
2401070;6ο ΗΜΕΡΗΣΙΟ ΓΥΜΝΑΣΙΟ ΚΕΡΚΥΡΑΣ;Γ;Γαλλικά;2
2401070;6ο ΗΜΕΡΗΣΙΟ ΓΥΜΝΑΣΙΟ ΚΕΡΚΥΡΑΣ;Γ;Γερμανικά;2
2401055;7ο ΠΕΙΡΑΜΑΤΙΚΟ ΓΥΜΝΑΣΙΟ ΚΕΡΚΥΡΑΣ;Α;Αγγλικά;4
2401055;7ο ΠΕΙΡΑΜΑΤΙΚΟ ΓΥΜΝΑΣΙΟ ΚΕΡΚΥΡΑΣ;Α;Γαλλικά;3
2401055;7ο ΠΕΙΡΑΜΑΤΙΚΟ ΓΥΜΝΑΣΙΟ ΚΕΡΚΥΡΑΣ;Α;Γερμανικά;2
2401055;7ο ΠΕΙΡΑΜΑΤΙΚΟ ΓΥΜΝΑΣΙΟ ΚΕΡΚΥΡΑΣ;Β;Αγγλικά;4
2401055;7ο ΠΕΙΡΑΜΑΤΙΚΟ ΓΥΜΝΑΣΙΟ ΚΕΡΚΥΡΑΣ;Β;Γαλλικά;3
2401055;7ο ΠΕΙΡΑΜΑΤΙΚΟ ΓΥΜΝΑΣΙΟ ΚΕΡΚΥΡΑΣ;Β;Γερμανικά;1
2401055;7ο ΠΕΙΡΑΜΑΤΙΚΟ ΓΥΜΝΑΣΙΟ ΚΕΡΚΥΡΑΣ;Γ;Αγγλικά;4
2401055;7ο ΠΕΙΡΑΜΑΤΙΚΟ ΓΥΜΝΑΣΙΟ ΚΕΡΚΥΡΑΣ;Γ;Γαλλικά;2
2401055;7ο ΠΕΙΡΑΜΑΤΙΚΟ ΓΥΜΝΑΣΙΟ ΚΕΡΚΥΡΑΣ;Γ;Γερμανικά;3
2402090;ΓΥΜΝΑΣΙΟ ΑΓΙΟΥ ΙΩΑΝΝΗ;Α;Αγγλικά;3
2402090;ΓΥΜΝΑΣΙΟ ΑΓΙΟΥ ΙΩΑΝΝΗ;Α;Γαλλικά;1
2402090;ΓΥΜΝΑΣΙΟ ΑΓΙΟΥ ΙΩΑΝΝΗ;Α;Γερμανικά;2
2402090;ΓΥΜΝΑΣΙΟ ΑΓΙΟΥ ΙΩΑΝΝΗ;Β;Αγγλικά;2
2402090;ΓΥΜΝΑΣΙΟ ΑΓΙΟΥ ΙΩΑΝΝΗ;Β;Γαλλικά;1
2402090;ΓΥΜΝΑΣΙΟ ΑΓΙΟΥ ΙΩΑΝΝΗ;Β;Γερμανικά;1
2402090;ΓΥΜΝΑΣΙΟ ΑΓΙΟΥ ΙΩΑΝΝΗ;Γ;Αγγλικά;2
2402090;ΓΥΜΝΑΣΙΟ ΑΓΙΟΥ ΙΩΑΝΝΗ;Γ;Γερμανικά;2
2406020;ΓΥΜΝΑΣΙΟ ΑΜΦΙΠΑΓΙΤΩΝ «ΑΝΔΡΕΑΣ ΚΑΛΒΟΣ»;Α;Γαλλικά;2
2406020;ΓΥΜΝΑΣΙΟ ΑΜΦΙΠΑΓΙΤΩΝ «ΑΝΔΡΕΑΣ ΚΑΛΒΟΣ»;Β;Γαλλικά;2
2406020;ΓΥΜΝΑΣΙΟ ΑΜΦΙΠΑΓΙΤΩΝ «ΑΝΔΡΕΑΣ ΚΑΛΒΟΣ»;Γ;Γαλλικά;2
2405010;ΓΥΜΝΑΣΙΟ ΚΑΙ ΛΥΚΕΙΑΚΕΣ ΤΑΞΕΙΣ ΑΡΓΥΡΑΔΩΝ ΚΕΡΚΥΡΑΣ;Α;Αγγλικά;2
2405010;ΓΥΜΝΑΣΙΟ ΚΑΙ ΛΥΚΕΙΑΚΕΣ ΤΑΞΕΙΣ ΑΡΓΥΡΑΔΩΝ ΚΕΡΚΥΡΑΣ;Α;Γερμανικά;2
2405010;ΓΥΜΝΑΣΙΟ ΚΑΙ ΛΥΚΕΙΑΚΕΣ ΤΑΞΕΙΣ ΑΡΓΥΡΑΔΩΝ ΚΕΡΚΥΡΑΣ;Α-ΛΥΚ;Αγγλικά;2
2405010;ΓΥΜΝΑΣΙΟ ΚΑΙ ΛΥΚΕΙΑΚΕΣ ΤΑΞΕΙΣ ΑΡΓΥΡΑΔΩΝ ΚΕΡΚΥΡΑΣ;Α-ΛΥΚ;Γερμανικά;2
2405010;ΓΥΜΝΑΣΙΟ ΚΑΙ ΛΥΚΕΙΑΚΕΣ ΤΑΞΕΙΣ ΑΡΓΥΡΑΔΩΝ ΚΕΡΚΥΡΑΣ;Β;Αγγλικά;1
2405010;ΓΥΜΝΑΣΙΟ ΚΑΙ ΛΥΚΕΙΑΚΕΣ ΤΑΞΕΙΣ ΑΡΓΥΡΑΔΩΝ ΚΕΡΚΥΡΑΣ;Β;Γερμανικά;1
2405010;ΓΥΜΝΑΣΙΟ ΚΑΙ ΛΥΚΕΙΑΚΕΣ ΤΑΞΕΙΣ ΑΡΓΥΡΑΔΩΝ ΚΕΡΚΥΡΑΣ;Β-ΛΥΚ;Αγγλικά;1
2405010;ΓΥΜΝΑΣΙΟ ΚΑΙ ΛΥΚΕΙΑΚΕΣ ΤΑΞΕΙΣ ΑΡΓΥΡΑΔΩΝ ΚΕΡΚΥΡΑΣ;Β-ΛΥΚ;Γερμανικά;1
2405010;ΓΥΜΝΑΣΙΟ ΚΑΙ ΛΥΚΕΙΑΚΕΣ ΤΑΞΕΙΣ ΑΡΓΥΡΑΔΩΝ ΚΕΡΚΥΡΑΣ;Γ;Αγγλικά;1
2405010;ΓΥΜΝΑΣΙΟ ΚΑΙ ΛΥΚΕΙΑΚΕΣ ΤΑΞΕΙΣ ΑΡΓΥΡΑΔΩΝ ΚΕΡΚΥΡΑΣ;Γ;Γερμανικά;1
2405010;ΓΥΜΝΑΣΙΟ ΚΑΙ ΛΥΚΕΙΑΚΕΣ ΤΑΞΕΙΣ ΑΡΓΥΡΑΔΩΝ ΚΕΡΚΥΡΑΣ;Γ-ΛΥΚ;Αγγλικά;2
2406010;ΓΥΜΝΑΣΙΟ ΚΑΡΟΥΣΑΔΩΝ;Α;Αγγλικά;1
2406010;ΓΥΜΝΑΣΙΟ ΚΑΡΟΥΣΑΔΩΝ;Α;Γερμανικά;1
2406010;ΓΥΜΝΑΣΙΟ ΚΑΡΟΥΣΑΔΩΝ;Β;Αγγλικά;1
2406010;ΓΥΜΝΑΣΙΟ ΚΑΡΟΥΣΑΔΩΝ;Β;Γερμανικά;1
2406010;ΓΥΜΝΑΣΙΟ ΚΑΡΟΥΣΑΔΩΝ;Γ;Αγγλικά;1
2406010;ΓΥΜΝΑΣΙΟ ΚΑΡΟΥΣΑΔΩΝ;Γ;Γερμανικά;1
2402050;ΓΥΜΝΑΣΙΟ ΦΑΙΑΚΩΝ ΚΕΡΚΥΡΑΣ;Α;Αγγλικά;3
2402050;ΓΥΜΝΑΣΙΟ ΦΑΙΑΚΩΝ ΚΕΡΚΥΡΑΣ;Α;Γαλλικά;1
2402050;ΓΥΜΝΑΣΙΟ ΦΑΙΑΚΩΝ ΚΕΡΚΥΡΑΣ;Α;Γερμανικά;2
2402050;ΓΥΜΝΑΣΙΟ ΦΑΙΑΚΩΝ ΚΕΡΚΥΡΑΣ;Β;Αγγλικά;2
2402050;ΓΥΜΝΑΣΙΟ ΦΑΙΑΚΩΝ ΚΕΡΚΥΡΑΣ;Β;Γαλλικά;1
2402050;ΓΥΜΝΑΣΙΟ ΦΑΙΑΚΩΝ ΚΕΡΚΥΡΑΣ;Β;Γερμανικά;1
2402050;ΓΥΜΝΑΣΙΟ ΦΑΙΑΚΩΝ ΚΕΡΚΥΡΑΣ;Γ;Αγγλικά;3
2402050;ΓΥΜΝΑΣΙΟ ΦΑΙΑΚΩΝ ΚΕΡΚΥΡΑΣ;Γ;Γαλλικά;1
2402050;ΓΥΜΝΑΣΙΟ ΦΑΙΑΚΩΝ ΚΕΡΚΥΡΑΣ;Γ;Γερμανικά;2
2411001;ΕΝΙΑΙΟ ΕΙΔΙΚΟ ΕΠΑΓΓΕΛΜΑΤΙΚΟ ΓΥΜΝΑΣΙΟ-ΛΥΚΕΙΟ ΚΕΡΚΥΡΑΣ;Α;Αγγλικά;2
2411001;ΕΝΙΑΙΟ ΕΙΔΙΚΟ ΕΠΑΓΓΕΛΜΑΤΙΚΟ ΓΥΜΝΑΣΙΟ-ΛΥΚΕΙΟ ΚΕΡΚΥΡΑΣ;Α-ΛΥΚ;Αγγλικά;2
2411001;ΕΝΙΑΙΟ ΕΙΔΙΚΟ ΕΠΑΓΓΕΛΜΑΤΙΚΟ ΓΥΜΝΑΣΙΟ-ΛΥΚΕΙΟ ΚΕΡΚΥΡΑΣ;Β;Αγγλικά;2
2411001;ΕΝΙΑΙΟ ΕΙΔΙΚΟ ΕΠΑΓΓΕΛΜΑΤΙΚΟ ΓΥΜΝΑΣΙΟ-ΛΥΚΕΙΟ ΚΕΡΚΥΡΑΣ;Β-ΛΥΚ;Αγγλικά;1
2411001;ΕΝΙΑΙΟ ΕΙΔΙΚΟ ΕΠΑΓΓΕΛΜΑΤΙΚΟ ΓΥΜΝΑΣΙΟ-ΛΥΚΕΙΟ ΚΕΡΚΥΡΑΣ;Γ;Αγγλικά;2
2411001;ΕΝΙΑΙΟ ΕΙΔΙΚΟ ΕΠΑΓΓΕΛΜΑΤΙΚΟ ΓΥΜΝΑΣΙΟ-ΛΥΚΕΙΟ ΚΕΡΚΥΡΑΣ;Γ-ΛΥΚ;Αγγλικά;1
2411001;ΕΝΙΑΙΟ ΕΙΔΙΚΟ ΕΠΑΓΓΕΛΜΑΤΙΚΟ ΓΥΜΝΑΣΙΟ-ΛΥΚΕΙΟ ΚΕΡΚΥΡΑΣ;Δ;Αγγλικά;1
2411001;ΕΝΙΑΙΟ ΕΙΔΙΚΟ ΕΠΑΓΓΕΛΜΑΤΙΚΟ ΓΥΜΝΑΣΙΟ-ΛΥΚΕΙΟ ΚΕΡΚΥΡΑΣ;Δ-ΛΥΚ;Αγγλικά;1
2451060;ΕΣΠΕΡΙΝΟ ΓΕΝΙΚΟ ΛΥΚΕΙΟ ΚΕΡΚΥΡΑΣ;Α;Αγγλικά;1
2451060;ΕΣΠΕΡΙΝΟ ΓΕΝΙΚΟ ΛΥΚΕΙΟ ΚΕΡΚΥΡΑΣ;Β;Αγγλικά;1
2440045;ΕΣΠΕΡΙΝΟ ΕΠΑ.Λ ΚΕΡΚΥΡΑΣ;Α;Αγγλικά;2
2440045;ΕΣΠΕΡΙΝΟ ΕΠΑ.Λ ΚΕΡΚΥΡΑΣ;Β;Αγγλικά;2
2440045;ΕΣΠΕΡΙΝΟ ΕΠΑ.Λ ΚΕΡΚΥΡΑΣ;Γ;Αγγλικά;2
2454010;ΗΜΕΡΗΣΙΟ ΓΕΝΙΚΟ ΛΥΚΕΙΟ ΑΓΡΟΥ ΚΕΡΚΥΡΑΣ;Α;Αγγλικά;3
2454010;ΗΜΕΡΗΣΙΟ ΓΕΝΙΚΟ ΛΥΚΕΙΟ ΑΓΡΟΥ ΚΕΡΚΥΡΑΣ;Α;Γαλλικά;3
2454010;ΗΜΕΡΗΣΙΟ ΓΕΝΙΚΟ ΛΥΚΕΙΟ ΑΓΡΟΥ ΚΕΡΚΥΡΑΣ;Α;Γερμανικά;3
2454010;ΗΜΕΡΗΣΙΟ ΓΕΝΙΚΟ ΛΥΚΕΙΟ ΑΓΡΟΥ ΚΕΡΚΥΡΑΣ;Β;Αγγλικά;3
2454010;ΗΜΕΡΗΣΙΟ ΓΕΝΙΚΟ ΛΥΚΕΙΟ ΑΓΡΟΥ ΚΕΡΚΥΡΑΣ;Β;Γαλλικά;1
2454010;ΗΜΕΡΗΣΙΟ ΓΕΝΙΚΟ ΛΥΚΕΙΟ ΑΓΡΟΥ ΚΕΡΚΥΡΑΣ;Β;Γερμανικά;2
2454010;ΗΜΕΡΗΣΙΟ ΓΕΝΙΚΟ ΛΥΚΕΙΟ ΑΓΡΟΥ ΚΕΡΚΥΡΑΣ;Γ;Αγγλικά;3
2457010;ΗΜΕΡΗΣΙΟ ΓΕΝΙΚΟ ΛΥΚΕΙΟ ΚΑΣΤΕΛΛΑΝΩΝ ΜΕΣΗΣ - ΚΕΡΚΥΡΑΣ;Α;Αγγλικά;2
2457010;ΗΜΕΡΗΣΙΟ ΓΕΝΙΚΟ ΛΥΚΕΙΟ ΚΑΣΤΕΛΛΑΝΩΝ ΜΕΣΗΣ - ΚΕΡΚΥΡΑΣ;Α;Γαλλικά;1
2457010;ΗΜΕΡΗΣΙΟ ΓΕΝΙΚΟ ΛΥΚΕΙΟ ΚΑΣΤΕΛΛΑΝΩΝ ΜΕΣΗΣ - ΚΕΡΚΥΡΑΣ;Α;Γερμανικά;2
2457010;ΗΜΕΡΗΣΙΟ ΓΕΝΙΚΟ ΛΥΚΕΙΟ ΚΑΣΤΕΛΛΑΝΩΝ ΜΕΣΗΣ - ΚΕΡΚΥΡΑΣ;Β;Αγγλικά;2
2457010;ΗΜΕΡΗΣΙΟ ΓΕΝΙΚΟ ΛΥΚΕΙΟ ΚΑΣΤΕΛΛΑΝΩΝ ΜΕΣΗΣ - ΚΕΡΚΥΡΑΣ;Β;Γαλλικά;1
2457010;ΗΜΕΡΗΣΙΟ ΓΕΝΙΚΟ ΛΥΚΕΙΟ ΚΑΣΤΕΛΛΑΝΩΝ ΜΕΣΗΣ - ΚΕΡΚΥΡΑΣ;Β;Γερμανικά;2
2457010;ΗΜΕΡΗΣΙΟ ΓΕΝΙΚΟ ΛΥΚΕΙΟ ΚΑΣΤΕΛΛΑΝΩΝ ΜΕΣΗΣ - ΚΕΡΚΥΡΑΣ;Γ;Αγγλικά;2
2452010;ΗΜΕΡΗΣΙΟ ΓΕΝΙΚΟ ΛΥΚΕΙΟ ΛΕΥΚΙΜΜΗΣ ΚΕΡΚΥΡΑΣ;Α;Αγγλικά;2
2452010;ΗΜΕΡΗΣΙΟ ΓΕΝΙΚΟ ΛΥΚΕΙΟ ΛΕΥΚΙΜΜΗΣ ΚΕΡΚΥΡΑΣ;Α;Γερμανικά;2
2452010;ΗΜΕΡΗΣΙΟ ΓΕΝΙΚΟ ΛΥΚΕΙΟ ΛΕΥΚΙΜΜΗΣ ΚΕΡΚΥΡΑΣ;Β;Αγγλικά;2
2452010;ΗΜΕΡΗΣΙΟ ΓΕΝΙΚΟ ΛΥΚΕΙΟ ΛΕΥΚΙΜΜΗΣ ΚΕΡΚΥΡΑΣ;Β;Γερμανικά;2
2452010;ΗΜΕΡΗΣΙΟ ΓΕΝΙΚΟ ΛΥΚΕΙΟ ΛΕΥΚΙΜΜΗΣ ΚΕΡΚΥΡΑΣ;Γ;Αγγλικά;2
2404010;ΗΜΕΡΗΣΙΟ ΓΥΜΝΑΣΙΟ ΑΓΡΟΥ;Α;Αγγλικά;2
2404010;ΗΜΕΡΗΣΙΟ ΓΥΜΝΑΣΙΟ ΑΓΡΟΥ;Α;Γαλλικά;1
2404010;ΗΜΕΡΗΣΙΟ ΓΥΜΝΑΣΙΟ ΑΓΡΟΥ;Α;Γερμανικά;1
2404010;ΗΜΕΡΗΣΙΟ ΓΥΜΝΑΣΙΟ ΑΓΡΟΥ;Β;Αγγλικά;2
2404010;ΗΜΕΡΗΣΙΟ ΓΥΜΝΑΣΙΟ ΑΓΡΟΥ;Β;Γαλλικά;1
2404010;ΗΜΕΡΗΣΙΟ ΓΥΜΝΑΣΙΟ ΑΓΡΟΥ;Β;Γερμανικά;1
2404010;ΗΜΕΡΗΣΙΟ ΓΥΜΝΑΣΙΟ ΑΓΡΟΥ;Γ;Αγγλικά;2
2404010;ΗΜΕΡΗΣΙΟ ΓΥΜΝΑΣΙΟ ΑΓΡΟΥ;Γ;Γαλλικά;1
2404010;ΗΜΕΡΗΣΙΟ ΓΥΜΝΑΣΙΟ ΑΓΡΟΥ;Γ;Γερμανικά;1
2410010;ΗΜΕΡΗΣΙΟ ΓΥΜΝΑΣΙΟ ΘΙΝΑΛΙΟΥ ΚΕΡΚΥΡΑΣ - ΓΥΜΝΑΣΙΟ ΘΙΝΑΛΙΟΥ;Α;Αγγλικά;2
2410010;ΗΜΕΡΗΣΙΟ ΓΥΜΝΑΣΙΟ ΘΙΝΑΛΙΟΥ ΚΕΡΚΥΡΑΣ - ΓΥΜΝΑΣΙΟ ΘΙΝΑΛΙΟΥ;Α;Γαλλικά;1
2410010;ΗΜΕΡΗΣΙΟ ΓΥΜΝΑΣΙΟ ΘΙΝΑΛΙΟΥ ΚΕΡΚΥΡΑΣ - ΓΥΜΝΑΣΙΟ ΘΙΝΑΛΙΟΥ;Α;Γερμανικά;1
2410010;ΗΜΕΡΗΣΙΟ ΓΥΜΝΑΣΙΟ ΘΙΝΑΛΙΟΥ ΚΕΡΚΥΡΑΣ - ΓΥΜΝΑΣΙΟ ΘΙΝΑΛΙΟΥ;Β;Αγγλικά;3
2410010;ΗΜΕΡΗΣΙΟ ΓΥΜΝΑΣΙΟ ΘΙΝΑΛΙΟΥ ΚΕΡΚΥΡΑΣ - ΓΥΜΝΑΣΙΟ ΘΙΝΑΛΙΟΥ;Β;Γαλλικά;1
2410010;ΗΜΕΡΗΣΙΟ ΓΥΜΝΑΣΙΟ ΘΙΝΑΛΙΟΥ ΚΕΡΚΥΡΑΣ - ΓΥΜΝΑΣΙΟ ΘΙΝΑΛΙΟΥ;Β;Γερμανικά;2
2410010;ΗΜΕΡΗΣΙΟ ΓΥΜΝΑΣΙΟ ΘΙΝΑΛΙΟΥ ΚΕΡΚΥΡΑΣ - ΓΥΜΝΑΣΙΟ ΘΙΝΑΛΙΟΥ;Γ;Αγγλικά;2
2410010;ΗΜΕΡΗΣΙΟ ΓΥΜΝΑΣΙΟ ΘΙΝΑΛΙΟΥ ΚΕΡΚΥΡΑΣ - ΓΥΜΝΑΣΙΟ ΘΙΝΑΛΙΟΥ;Γ;Γερμανικά;2
2407010;ΗΜΕΡΗΣΙΟ ΓΥΜΝΑΣΙΟ ΚΑΣΤΕΛΛΑΝΩΝ ΜΕΣΗΣ ΚΕΡΚΥΡΑΣ;Α;Αγγλικά;4
2407010;ΗΜΕΡΗΣΙΟ ΓΥΜΝΑΣΙΟ ΚΑΣΤΕΛΛΑΝΩΝ ΜΕΣΗΣ ΚΕΡΚΥΡΑΣ;Α;Γαλλικά;2
2407010;ΗΜΕΡΗΣΙΟ ΓΥΜΝΑΣΙΟ ΚΑΣΤΕΛΛΑΝΩΝ ΜΕΣΗΣ ΚΕΡΚΥΡΑΣ;Α;Γερμανικά;2
2407010;ΗΜΕΡΗΣΙΟ ΓΥΜΝΑΣΙΟ ΚΑΣΤΕΛΛΑΝΩΝ ΜΕΣΗΣ ΚΕΡΚΥΡΑΣ;Β;Αγγλικά;4
2407010;ΗΜΕΡΗΣΙΟ ΓΥΜΝΑΣΙΟ ΚΑΣΤΕΛΛΑΝΩΝ ΜΕΣΗΣ ΚΕΡΚΥΡΑΣ;Β;Γαλλικά;2
2407010;ΗΜΕΡΗΣΙΟ ΓΥΜΝΑΣΙΟ ΚΑΣΤΕΛΛΑΝΩΝ ΜΕΣΗΣ ΚΕΡΚΥΡΑΣ;Β;Γερμανικά;2
2407010;ΗΜΕΡΗΣΙΟ ΓΥΜΝΑΣΙΟ ΚΑΣΤΕΛΛΑΝΩΝ ΜΕΣΗΣ ΚΕΡΚΥΡΑΣ;Γ;Αγγλικά;3
2407010;ΗΜΕΡΗΣΙΟ ΓΥΜΝΑΣΙΟ ΚΑΣΤΕΛΛΑΝΩΝ ΜΕΣΗΣ ΚΕΡΚΥΡΑΣ;Γ;Γαλλικά;2
2407010;ΗΜΕΡΗΣΙΟ ΓΥΜΝΑΣΙΟ ΚΑΣΤΕΛΛΑΝΩΝ ΜΕΣΗΣ ΚΕΡΚΥΡΑΣ;Γ;Γερμανικά;2
2402010;ΗΜΕΡΗΣΙΟ ΓΥΜΝΑΣΙΟ ΛΕΥΚΙΜΜΗΣ ΚΕΡΚΥΡΑΣ;Α;Αγγλικά;3
2402010;ΗΜΕΡΗΣΙΟ ΓΥΜΝΑΣΙΟ ΛΕΥΚΙΜΜΗΣ ΚΕΡΚΥΡΑΣ;Α;Γερμανικά;3
2402010;ΗΜΕΡΗΣΙΟ ΓΥΜΝΑΣΙΟ ΛΕΥΚΙΜΜΗΣ ΚΕΡΚΥΡΑΣ;Β;Αγγλικά;3
2402010;ΗΜΕΡΗΣΙΟ ΓΥΜΝΑΣΙΟ ΛΕΥΚΙΜΜΗΣ ΚΕΡΚΥΡΑΣ;Β;Γερμανικά;3
2402010;ΗΜΕΡΗΣΙΟ ΓΥΜΝΑΣΙΟ ΛΕΥΚΙΜΜΗΣ ΚΕΡΚΥΡΑΣ;Γ;Αγγλικά;3
2402010;ΗΜΕΡΗΣΙΟ ΓΥΜΝΑΣΙΟ ΛΕΥΚΙΜΜΗΣ ΚΕΡΚΥΡΑΣ;Γ;Γερμανικά;3
2408050;ΗΜΕΡΗΣΙΟ ΓΥΜΝΑΣΙΟ ΛΙΑΠΑΔΩΝ ΚΕΡΚΥΡΑΣ;Α;Αγγλικά;1
2408050;ΗΜΕΡΗΣΙΟ ΓΥΜΝΑΣΙΟ ΛΙΑΠΑΔΩΝ ΚΕΡΚΥΡΑΣ;Α;Γερμανικά;1
2408050;ΗΜΕΡΗΣΙΟ ΓΥΜΝΑΣΙΟ ΛΙΑΠΑΔΩΝ ΚΕΡΚΥΡΑΣ;Β;Αγγλικά;1
2408050;ΗΜΕΡΗΣΙΟ ΓΥΜΝΑΣΙΟ ΛΙΑΠΑΔΩΝ ΚΕΡΚΥΡΑΣ;Β;Γερμανικά;1
2408050;ΗΜΕΡΗΣΙΟ ΓΥΜΝΑΣΙΟ ΛΙΑΠΑΔΩΝ ΚΕΡΚΥΡΑΣ;Γ;Αγγλικά;1
2408050;ΗΜΕΡΗΣΙΟ ΓΥΜΝΑΣΙΟ ΛΙΑΠΑΔΩΝ ΚΕΡΚΥΡΑΣ;Γ;Γερμανικά;1
2409010;ΗΜΕΡΗΣΙΟ ΓΥΜΝΑΣΙΟ με Λ.Τ. ΚΑΣΣΙΟΠΗΣ ΚΕΡΚΥΡΑΣ;Α;Αγγλικά;1
2409010;ΗΜΕΡΗΣΙΟ ΓΥΜΝΑΣΙΟ με Λ.Τ. ΚΑΣΣΙΟΠΗΣ ΚΕΡΚΥΡΑΣ;Α;Γαλλικά;1
2409010;ΗΜΕΡΗΣΙΟ ΓΥΜΝΑΣΙΟ με Λ.Τ. ΚΑΣΣΙΟΠΗΣ ΚΕΡΚΥΡΑΣ;Α-ΛΥΚ;Αγγλικά;2
2409010;ΗΜΕΡΗΣΙΟ ΓΥΜΝΑΣΙΟ με Λ.Τ. ΚΑΣΣΙΟΠΗΣ ΚΕΡΚΥΡΑΣ;Α-ΛΥΚ;Γαλλικά;1
2409010;ΗΜΕΡΗΣΙΟ ΓΥΜΝΑΣΙΟ με Λ.Τ. ΚΑΣΣΙΟΠΗΣ ΚΕΡΚΥΡΑΣ;Α-ΛΥΚ;Γερμανικά;1
2409010;ΗΜΕΡΗΣΙΟ ΓΥΜΝΑΣΙΟ με Λ.Τ. ΚΑΣΣΙΟΠΗΣ ΚΕΡΚΥΡΑΣ;Β;Αγγλικά;1
2409010;ΗΜΕΡΗΣΙΟ ΓΥΜΝΑΣΙΟ με Λ.Τ. ΚΑΣΣΙΟΠΗΣ ΚΕΡΚΥΡΑΣ;Β;Γαλλικά;1
2409010;ΗΜΕΡΗΣΙΟ ΓΥΜΝΑΣΙΟ με Λ.Τ. ΚΑΣΣΙΟΠΗΣ ΚΕΡΚΥΡΑΣ;Β-ΛΥΚ;Αγγλικά;2
2409010;ΗΜΕΡΗΣΙΟ ΓΥΜΝΑΣΙΟ με Λ.Τ. ΚΑΣΣΙΟΠΗΣ ΚΕΡΚΥΡΑΣ;Β-ΛΥΚ;Γαλλικά;1
2409010;ΗΜΕΡΗΣΙΟ ΓΥΜΝΑΣΙΟ με Λ.Τ. ΚΑΣΣΙΟΠΗΣ ΚΕΡΚΥΡΑΣ;Β-ΛΥΚ;Γερμανικά;1
2409010;ΗΜΕΡΗΣΙΟ ΓΥΜΝΑΣΙΟ με Λ.Τ. ΚΑΣΣΙΟΠΗΣ ΚΕΡΚΥΡΑΣ;Γ;Αγγλικά;1
2409010;ΗΜΕΡΗΣΙΟ ΓΥΜΝΑΣΙΟ με Λ.Τ. ΚΑΣΣΙΟΠΗΣ ΚΕΡΚΥΡΑΣ;Γ;Γαλλικά;1
2409010;ΗΜΕΡΗΣΙΟ ΓΥΜΝΑΣΙΟ με Λ.Τ. ΚΑΣΣΙΟΠΗΣ ΚΕΡΚΥΡΑΣ;Γ-ΛΥΚ;Αγγλικά;2
2403010;ΗΜΕΡΗΣΙΟ ΓΥΜΝΑΣΙΟ ΠΑΞΩΝ;Α;Αγγλικά;2
2403010;ΗΜΕΡΗΣΙΟ ΓΥΜΝΑΣΙΟ ΠΑΞΩΝ;Α;Γαλλικά;2
2403010;ΗΜΕΡΗΣΙΟ ΓΥΜΝΑΣΙΟ ΠΑΞΩΝ;Α-ΛΥΚ;Αγγλικά;2
2403010;ΗΜΕΡΗΣΙΟ ΓΥΜΝΑΣΙΟ ΠΑΞΩΝ;Α-ΛΥΚ;Γαλλικά;2
2403010;ΗΜΕΡΗΣΙΟ ΓΥΜΝΑΣΙΟ ΠΑΞΩΝ;Β;Αγγλικά;1
2403010;ΗΜΕΡΗΣΙΟ ΓΥΜΝΑΣΙΟ ΠΑΞΩΝ;Β;Γαλλικά;1
2403010;ΗΜΕΡΗΣΙΟ ΓΥΜΝΑΣΙΟ ΠΑΞΩΝ;Β-ΛΥΚ;Αγγλικά;1
2403010;ΗΜΕΡΗΣΙΟ ΓΥΜΝΑΣΙΟ ΠΑΞΩΝ;Β-ΛΥΚ;Γαλλικά;1
2403010;ΗΜΕΡΗΣΙΟ ΓΥΜΝΑΣΙΟ ΠΑΞΩΝ;Γ;Αγγλικά;2
2403010;ΗΜΕΡΗΣΙΟ ΓΥΜΝΑΣΙΟ ΠΑΞΩΝ;Γ;Γαλλικά;2
2403010;ΗΜΕΡΗΣΙΟ ΓΥΜΝΑΣΙΟ ΠΑΞΩΝ;Γ-ΛΥΚ;Αγγλικά;1
2408010;ΗΜΕΡΗΣΙΟ ΓΥΜΝΑΣΙΟ ΣΚΡΙΠΕΡΟΥ ΚΕΡΚΥΡΑΣ ΜΕ ΛΥΚΕΙΑΚΕΣ ΤΑΞΕΙΣ;Α;Αγγλικά;1
2408010;ΗΜΕΡΗΣΙΟ ΓΥΜΝΑΣΙΟ ΣΚΡΙΠΕΡΟΥ ΚΕΡΚΥΡΑΣ ΜΕ ΛΥΚΕΙΑΚΕΣ ΤΑΞΕΙΣ;Α;Γερμανικά;1
2408010;ΗΜΕΡΗΣΙΟ ΓΥΜΝΑΣΙΟ ΣΚΡΙΠΕΡΟΥ ΚΕΡΚΥΡΑΣ ΜΕ ΛΥΚΕΙΑΚΕΣ ΤΑΞΕΙΣ;Β;Αγγλικά;1
2408010;ΗΜΕΡΗΣΙΟ ΓΥΜΝΑΣΙΟ ΣΚΡΙΠΕΡΟΥ ΚΕΡΚΥΡΑΣ ΜΕ ΛΥΚΕΙΑΚΕΣ ΤΑΞΕΙΣ;Β;Γαλλικά;1
2408010;ΗΜΕΡΗΣΙΟ ΓΥΜΝΑΣΙΟ ΣΚΡΙΠΕΡΟΥ ΚΕΡΚΥΡΑΣ ΜΕ ΛΥΚΕΙΑΚΕΣ ΤΑΞΕΙΣ;Γ;Αγγλικά;1
2408010;ΗΜΕΡΗΣΙΟ ΓΥΜΝΑΣΙΟ ΣΚΡΙΠΕΡΟΥ ΚΕΡΚΥΡΑΣ ΜΕ ΛΥΚΕΙΑΚΕΣ ΤΑΞΕΙΣ;Γ;Γαλλικά;1
2401065;ΜΟΥΣΙΚΟ ΓΥΜΝΑΣΙΟ ΚΕΡΚΥΡΑΣ;Α;Αγγλικά;3
2401065;ΜΟΥΣΙΚΟ ΓΥΜΝΑΣΙΟ ΚΕΡΚΥΡΑΣ;Α;Γαλλικά;1
2401065;ΜΟΥΣΙΚΟ ΓΥΜΝΑΣΙΟ ΚΕΡΚΥΡΑΣ;Α;Γερμανικά;2
2401065;ΜΟΥΣΙΚΟ ΓΥΜΝΑΣΙΟ ΚΕΡΚΥΡΑΣ;Α-ΛΥΚ;Αγγλικά;2
2401065;ΜΟΥΣΙΚΟ ΓΥΜΝΑΣΙΟ ΚΕΡΚΥΡΑΣ;Β;Αγγλικά;4
2401065;ΜΟΥΣΙΚΟ ΓΥΜΝΑΣΙΟ ΚΕΡΚΥΡΑΣ;Β;Γαλλικά;3
2401065;ΜΟΥΣΙΚΟ ΓΥΜΝΑΣΙΟ ΚΕΡΚΥΡΑΣ;Β;Γερμανικά;3
2401065;ΜΟΥΣΙΚΟ ΓΥΜΝΑΣΙΟ ΚΕΡΚΥΡΑΣ;Β-ΛΥΚ;Αγγλικά;2
2401065;ΜΟΥΣΙΚΟ ΓΥΜΝΑΣΙΟ ΚΕΡΚΥΡΑΣ;Γ;Αγγλικά;3
2401065;ΜΟΥΣΙΚΟ ΓΥΜΝΑΣΙΟ ΚΕΡΚΥΡΑΣ;Γ;Γαλλικά;2
2401065;ΜΟΥΣΙΚΟ ΓΥΜΝΑΣΙΟ ΚΕΡΚΥΡΑΣ;Γ;Γερμανικά;1
2401065;ΜΟΥΣΙΚΟ ΓΥΜΝΑΣΙΟ ΚΕΡΚΥΡΑΣ;Γ-ΛΥΚ;Αγγλικά;2
2448000;Πρότυπο Επαγγελματικό Λύκειο (Π.ΕΠΑ.Λ.) Κέρκυρας;Α;Αγγλικά;3
2448000;Πρότυπο Επαγγελματικό Λύκειο (Π.ΕΠΑ.Λ.) Κέρκυρας;Β;Αγγλικά;5
2448000;Πρότυπο Επαγγελματικό Λύκειο (Π.ΕΠΑ.Λ.) Κέρκυρας;Γ;Αγγλικά;1
