Έκδοση μητρώου;Αναγνωριστικό σχολείου;Κωδικός Υπουργείου;Ονομασία σχολείου;Είδος σχολείου;Διεύθυνση σχολείου;Α τμήματα;Β τμήματα;Γ τμήματα;Α Γαλλικά ομάδες;Α Γερμανικά ομάδες;Α Ιταλικά ομάδες;Β Γαλλικά ομάδες;Β Γερμανικά ομάδες;Β Ιταλικά ομάδες;Γ Γαλλικά ομάδες;Γ Γερμανικά ομάδες;Γ Ιταλικά ομάδες;Α τμήματα άνω 21;Β τμήματα άνω 21;Γ τμήματα άνω 21;Β ομάδες Ανθρωπιστικών;Β ομάδες Θετικών;Γ ομάδες Ανθρωπιστικών;Γ ομάδες Θετικών Υγείας;Γ ομάδες Οικονομίας Πληροφορικής;Γ Μαθηματικά 2ου πεδίου;Γ Βιολογία 3ου πεδίου;Γ Μαθηματικά Γενικής Παιδείας;Γ Ιστορία Γενικής Παιδείας;Α απαλλασσόμενοι;Α Ηθική εντός 5ης;Α τμήματα Ηθικής;Β απαλλασσόμενοι;Β Ηθική εντός 5ης;Β τμήματα Ηθικής;Γ απαλλασσόμενοι;Γ Ηθική εντός 5ης;Γ τμήματα Ηθικής;Σχολικό έτος;Χαρακτηρισμός 2026-27;Γυμνάσιο Α μαθητές;Γυμνάσιο Β μαθητές;Γυμνάσιο Γ μαθητές;Γυμνάσιο Δ μαθητές;Γυμνάσιο Δ τμήματα;Λύκειο Α μαθητές;Λύκειο Β μαθητές;Λύκειο Γ μαθητές;ΛΤ Α Γενικής;ΛΤ Β Γενικής;ΛΤ Γ Γενικής;ΛΤ Β Ανθρωπιστικών;ΛΤ Β Θετικών;ΛΤ Γ Ανθρωπιστικών;ΛΤ Γ Θετικών Υγείας;ΛΤ Γ Οικονομίας Πληροφορικής;Ολιγομελή εγκεκριμένα 2026-27;Πηγή τμημάτων;Κατάσταση πληρότητας;Εκκρεμή πεδία;Σημειώσεις
school_registry_v1;2401010;2401010;1ο ΗΜΕΡΗΣΙΟ ΓΥΜΝΑΣΙΟ ΚΕΡΚΥΡΑΣ;Ημερήσιο Γυμνάσιο;ΡΙΖΟΣΠΑΣΤΩΝ ΒΟΥΛΕΥΤΩΝ ΙΟΝΙΟΥ ΒΟΥΛΗΣ 6, ΤΚ 49100;3;3;4;2;1;0;2;1;0;2;2;0;3;3;3;;;;;;;;;;;;;;;;;;;2026-2027;;81;72;89;;;;;;;;;;;;;;;Απόφαση ΔΔΕ Κέρκυρας 3346/14-07-2026 (Γυμνάσια) + myschool stat3_1 05-09-2026 (τρέχοντα βασικά τμήματα/μαθητές) + myschool stat3_10 06-09-2026 (ομάδες ξένων γλωσσών);Πλήρες για αυτόματο υπολογισμό βασικών διδακτικών αναγκών;;
school_registry_v1;2401020;2401020;2ο ΗΜΕΡΗΣΙΟ ΓΥΜΝΑΣΙΟ ΚΕΡΚΥΡΑΣ;Ημερήσιο Γυμνάσιο;ΖΑΜΠΕΛΗ 1, ΤΚ 49100;4;4;3;2;2;0;1;3;0;1;2;0;4;1;1;;;;;;;;;;;;;;;;;;;2026-2027;;88;75;52;;;;;;;;;;;;;;;Απόφαση ΔΔΕ Κέρκυρας 3346/14-07-2026 (Γυμνάσια) + myschool stat3_1 05-09-2026 (τρέχοντα βασικά τμήματα/μαθητές) + myschool stat3_10 06-09-2026 (ομάδες ξένων γλωσσών);Πλήρες για αυτόματο υπολογισμό βασικών διδακτικών αναγκών;;
school_registry_v1;2401030;2401030;3ο ΗΜΕΡΗΣΙΟ ΓΥΜΝΑΣΙΟ ΚΕΡΚΥΡΑΣ;Ημερήσιο Γυμνάσιο;ΤΕΡΜΑ ΚΟΛΟΚΟΤΡΩΝΗ, ΤΚ 49100;3;3;3;2;2;0;1;2;0;2;2;0;3;2;1;;;;;;;;;;;;;;;;;;;2026-2027;;69;69;63;;;;;;;;;;;;;;;Απόφαση ΔΔΕ Κέρκυρας 3346/14-07-2026 (Γυμνάσια) + myschool stat3_1 05-09-2026 (τρέχοντα βασικά τμήματα/μαθητές) + myschool stat3_10 06-09-2026 (ομάδες ξένων γλωσσών);Πλήρες για αυτόματο υπολογισμό βασικών διδακτικών αναγκών;;
school_registry_v1;2401040;2401040;4ο ΗΜΕΡΗΣΙΟ ΓΥΜΝΑΣΙΟ ΚΕΡΚΥΡΑΣ;Ημερήσιο Γυμνάσιο;ΚΟΛΟΚΟΤΡΩΝΗ ΤΕΡΜΑ, ΤΚ 49100;3;3;3;2;1;0;1;2;0;1;2;0;2;0;0;;;;;;;;;;;;;;;;;;;2026-2027;;61;55;51;;;;;;;;;;;;;;;Απόφαση ΔΔΕ Κέρκυρας 3346/14-07-2026 (Γυμνάσια) + myschool stat3_1 05-09-2026 (τρέχοντα βασικά τμήματα/μαθητές) + myschool stat3_10 06-09-2026 (ομάδες ξένων γλωσσών);Πλήρες για αυτόματο υπολογισμό βασικών διδακτικών αναγκών;;
school_registry_v1;2401050;2401050;5ο ΗΜΕΡΗΣΙΟ ΓΥΜΝΑΣΙΟ ΚΕΡΚΥΡΑΣ;Ημερήσιο Γυμνάσιο;ΡΙΖΟΣΠΑΣΤΩΝ ΒΟΥΛΕΥΤΩΝ ΙΟΝΙΟΥ ΒΟΥΛΗΣ 6, ΤΚ 49100;3;4;4;2;1;0;3;3;0;3;2;0;3;1;2;;;;;;;;;;;;;;;;;;;2026-2027;;71;81;84;;;;;;;;;;;;;;;Απόφαση ΔΔΕ Κέρκυρας 3346/14-07-2026 (Γυμνάσια) + myschool stat3_1 05-09-2026 (τρέχοντα βασικά τμήματα/μαθητές) + myschool stat3_10 06-09-2026 (ομάδες ξένων γλωσσών);Πλήρες για αυτόματο υπολογισμό βασικών διδακτικών αναγκών;;
school_registry_v1;2401070;2401070;6ο ΗΜΕΡΗΣΙΟ ΓΥΜΝΑΣΙΟ ΚΕΡΚΥΡΑΣ;Ημερήσιο Γυμνάσιο;ΕΛΕΥΘ.ΒΕΝΙΖΕΛΟΥ 42, ΤΚ 49100;3;3;4;3;1;0;2;2;0;2;2;0;2;3;0;;;;;;;;;;;;;;;;;;;2026-2027;;70;71;76;;;;;;;;;;;;;;;Απόφαση ΔΔΕ Κέρκυρας 3346/14-07-2026 (Γυμνάσια) + myschool stat3_1 05-09-2026 (τρέχοντα βασικά τμήματα/μαθητές) + myschool stat3_10 06-09-2026 (ομάδες ξένων γλωσσών);Πλήρες για αυτόματο υπολογισμό βασικών διδακτικών αναγκών;;
school_registry_v1;2401055;2401055;7ο ΠΕΙΡΑΜΑΤΙΚΟ ΓΥΜΝΑΣΙΟ ΚΕΡΚΥΡΑΣ;Ημερήσιο Γυμνάσιο;ΑΓΙΟΙ ΘΕΟΔΩΡΟΙ - ΚΕΡΚΥΡΑ, ΤΚ 49100;4;4;4;3;2;0;3;1;0;2;3;0;3;4;1;;;;;;;;;;;;;;;;;;;2026-2027;Πειραματικό από το σχολικό έτος 2026-2027;91;94;86;;;;;;;;;;;;;;;Απόφαση ΔΔΕ Κέρκυρας 3346/14-07-2026 (Γυμνάσια) + myschool stat3_1 05-09-2026 (τρέχοντα βασικά τμήματα/μαθητές) + myschool stat3_10 06-09-2026 (ομάδες ξένων γλωσσών);Πλήρες για αυτόματο υπολογισμό βασικών διδακτικών αναγκών;;Ο κωδικός 2401055 είναι το 7ο Γυμνάσιο Κέρκυρας, που λειτουργεί ως Πειραματικό από 2026-2027.
school_registry_v1;2402090;2402090;ΓΥΜΝΑΣΙΟ ΑΓΙΟΥ ΙΩΑΝΝΗ;Ημερήσιο Γυμνάσιο;ΑΓΙΟΣ ΙΩΑΝΝΗΣ ΚΕΡΚΥΡΑΣ, ΤΚ 49150;3;2;2;1;2;0;1;1;0;0;2;0;3;0;0;;;;;;;;;;;;;;;;;;;2026-2027;;69;31;29;;;;;;;;;;;;;;;Απόφαση ΔΔΕ Κέρκυρας 3346/14-07-2026 (Γυμνάσια) + myschool stat3_1 05-09-2026 (τρέχοντα βασικά τμήματα/μαθητές) + myschool stat3_10 06-09-2026 (ομάδες ξένων γλωσσών);Πλήρες για αυτόματο υπολογισμό βασικών διδακτικών αναγκών;;
school_registry_v1;2406020;2406020;ΓΥΜΝΑΣΙΟ ΑΜΦΙΠΑΓΙΤΩΝ «ΑΝΔΡΕΑΣ ΚΑΛΒΟΣ»;Ημερήσιο Γυμνάσιο;ΠΕΡΟΥΛΑΔΕΣ, ΤΚ 49081;2;2;2;2;0;0;2;0;0;2;0;0;0;0;0;;;;;;;;;;;;;;;;;;;2026-2027;;32;25;23;;;;;;;;;;;;;;;Απόφαση ΔΔΕ Κέρκυρας 3346/14-07-2026 (Γυμνάσια) + myschool stat3_1 05-09-2026 (τρέχοντα βασικά τμήματα/μαθητές) + myschool stat3_10 06-09-2026 (ομάδες ξένων γλωσσών);Πλήρες για αυτόματο υπολογισμό βασικών διδακτικών αναγκών;;
school_registry_v1;2405010;2405010;ΓΥΜΝΑΣΙΟ ΚΑΙ ΛΥΚΕΙΑΚΕΣ ΤΑΞΕΙΣ ΑΡΓΥΡΑΔΩΝ ΚΕΡΚΥΡΑΣ;Γυμνάσιο με Λυκειακές Τάξεις;ΑΡΓΥΡΑΔΕΣ, ΤΚ 49080;2;1;1;0;2;0;0;1;0;0;1;0;0;1;1;1;1;1;1;1;;;;;;;;;;;;;;2026-2027;;32;22;24;;;34;25;30;2;1;2;1;1;1;1;1;Γ Ανθρωπιστικών Σπουδών | Γ Θετικών Σπουδών και Σπουδών Υγείας;Απόφαση ΔΔΕ Κέρκυρας 3346/14-07-2026 (Γυμνάσια) + Απόφαση ΔΔΕ Κέρκυρας 3446/24-07-2026 (ΓΕΛ/ΛΤ) + μεταγενέστερες εγκρίσεις ολιγομελών + myschool stat3_1 05-09-2026 (τρέχοντα βασικά τμήματα/μαθητές) + myschool stat3_10 06-09-2026 (ομάδες ξένων γλωσσών);Δομικά στοιχεία καταχωρισμένα · τύπος προσωρινά ανενεργός στο εργαλείο;;Τα γενικά Α/Β/Γ του βασικού schema κρατούν το γυμνασιακό σκέλος· τα στοιχεία Λυκειακών Τάξεων διατηρούνται στις πρόσθετες στήλες ΛΤ.
school_registry_v1;2406010;2406010;ΓΥΜΝΑΣΙΟ ΚΑΡΟΥΣΑΔΩΝ;Ημερήσιο Γυμνάσιο;ΚΑΡΟΥΣΑΔΕΣ, ΤΚ 49081;1;1;1;0;1;0;0;1;0;0;1;0;1;0;0;;;;;;;;;;;;;;;;;;;2026-2027;;23;18;17;;;;;;;;;;;;;;;Απόφαση ΔΔΕ Κέρκυρας 3346/14-07-2026 (Γυμνάσια) + myschool stat3_1 05-09-2026 (τρέχοντα βασικά τμήματα/μαθητές) + myschool stat3_10 06-09-2026 (ομάδες ξένων γλωσσών);Πλήρες για αυτόματο υπολογισμό βασικών διδακτικών αναγκών;;
school_registry_v1;2402050;2402050;ΓΥΜΝΑΣΙΟ ΦΑΙΑΚΩΝ ΚΕΡΚΥΡΑΣ;Ημερήσιο Γυμνάσιο;ΔΑΣΙΑ - ΚΕΡΚΥΡΑ, ΤΚ 49083;3;2;3;1;2;0;1;1;0;1;2;0;1;1;1;;;;;;;;;;;;;;;;;;;2026-2027;;61;40;54;;;;;;;;;;;;;;;Απόφαση ΔΔΕ Κέρκυρας 3346/14-07-2026 (Γυμνάσια) + myschool stat3_1 05-09-2026 (τρέχοντα βασικά τμήματα/μαθητές) + myschool stat3_10 06-09-2026 (ομάδες ξένων γλωσσών);Πλήρες για αυτόματο υπολογισμό βασικών διδακτικών αναγκών;;Η Α΄ τάξη εμφανίζεται 3 τμήματα / 61 μαθητές στο myschool 05-09-2026, έναντι 2 τμημάτων / 46 μαθητών στην απόφαση 14-07-2026· χρησιμοποιήθηκε η νεότερη πραγματική εικόνα.
school_registry_v1;2411001;2411001;ΕΝΙΑΙΟ ΕΙΔΙΚΟ ΕΠΑΓΓΕΛΜΑΤΙΚΟ ΓΥΜΝΑΣΙΟ-ΛΥΚΕΙΟ ΚΕΡΚΥΡΑΣ;ΕΝ.Ε.Ε.ΓΥ.-Λ.;10η πάροδος, Σπύρου Ραθ 1, Κέρκυρα, ΤΚ 49132;2;2;2;0;0;0;0;0;0;0;0;0;0;0;0;;;;;;;;;;;;;;;;;;;2026-2027;;11;13;14;6;1;13;9;4;;;;;;;;;;Απόφαση ΔΔΕ Κέρκυρας 3346/14-07-2026 (Γυμνάσια) + myschool stat3_1 05-09-2026 (τρέχοντα βασικά τμήματα/μαθητές) + myschool stat3_10 06-09-2026 (ομάδες ξένων γλωσσών);Δομικά στοιχεία καταχωρισμένα · τύπος προσωρινά ανενεργός στο εργαλείο;;
school_registry_v1;2401060;2401060;ΕΣΠΕΡΙΝΟ ΓΥΜΝΑΣΙΟ ΚΕΡΚΥΡΑΣ;Εσπερινό Γυμνάσιο;ΣΠΥΡΟΥ ΞΥΝΔΑ 2, ΤΚ 49100;1;1;1;;;;;;;;;;0;0;0;;;;;;;;;;;;;;;;;;;2026-2027;;2;3;5;;;;;;;;;;;;;;;Απόφαση ΔΔΕ Κέρκυρας 3346/14-07-2026 (Γυμνάσια) + myschool stat3_1 05-09-2026 (τρέχοντα βασικά τμήματα/μαθητές);Δομικά στοιχεία καταχωρισμένα · τύπος προσωρινά ανενεργός στο εργαλείο;;
school_registry_v1;2404010;2404010;ΗΜΕΡΗΣΙΟ ΓΥΜΝΑΣΙΟ ΑΓΡΟΥ;Ημερήσιο Γυμνάσιο;ΑΓΡΟΣ, ΤΚ 49083;2;2;2;1;1;0;1;1;0;1;1;0;0;0;0;;;;;;;;;;;;;;;;;;;2026-2027;;34;31;29;;;;;;;;;;;;;;;Απόφαση ΔΔΕ Κέρκυρας 3346/14-07-2026 (Γυμνάσια) + myschool stat3_1 05-09-2026 (τρέχοντα βασικά τμήματα/μαθητές) + myschool stat3_10 06-09-2026 (ομάδες ξένων γλωσσών);Πλήρες για αυτόματο υπολογισμό βασικών διδακτικών αναγκών;;
school_registry_v1;2410010;2410010;ΗΜΕΡΗΣΙΟ ΓΥΜΝΑΣΙΟ ΘΙΝΑΛΙΟΥ ΚΕΡΚΥΡΑΣ - ΓΥΜΝΑΣΙΟ ΘΙΝΑΛΙΟΥ;Ημερήσιο Γυμνάσιο;ΑΧΑΡΑΒΗ ΚΕΡΚΥΡΑ, ΤΚ 49081;2;3;2;1;1;0;1;2;0;0;2;0;2;0;2;;;;;;;;;;;;;;;;;;;2026-2027;;50;60;47;;;;;;;;;;;;;;;Απόφαση ΔΔΕ Κέρκυρας 3346/14-07-2026 (Γυμνάσια) + myschool stat3_1 05-09-2026 (τρέχοντα βασικά τμήματα/μαθητές) + myschool stat3_10 06-09-2026 (ομάδες ξένων γλωσσών);Πλήρες για αυτόματο υπολογισμό βασικών διδακτικών αναγκών;;
school_registry_v1;2407010;2407010;ΗΜΕΡΗΣΙΟ ΓΥΜΝΑΣΙΟ ΚΑΣΤΕΛΛΑΝΩΝ ΜΕΣΗΣ ΚΕΡΚΥΡΑΣ;Ημερήσιο Γυμνάσιο;ΚΑΣΤΕΛΛΑΝΟΙ ΜΕΣΗΣ, ΤΚ 49084;4;4;3;2;2;0;2;2;0;2;2;0;3;0;1;;;;;;;;;;;;;;;;;;;2026-2027;;87;69;56;;;;;;;;;;;;;;;Απόφαση ΔΔΕ Κέρκυρας 3346/14-07-2026 (Γυμνάσια) + myschool stat3_1 05-09-2026 (τρέχοντα βασικά τμήματα/μαθητές) + myschool stat3_10 06-09-2026 (ομάδες ξένων γλωσσών);Πλήρες για αυτόματο υπολογισμό βασικών διδακτικών αναγκών;;
school_registry_v1;2402010;2402010;ΗΜΕΡΗΣΙΟ ΓΥΜΝΑΣΙΟ ΛΕΥΚΙΜΜΗΣ ΚΕΡΚΥΡΑΣ;Ημερήσιο Γυμνάσιο;ΠΟΛΥΤΕΧΝΕΙΟΥ 2, ΤΚ 49080;3;3;3;0;3;0;0;3;0;0;3;0;3;0;0;;;;;;;;;;;;;;;;;;;2026-2027;;73;56;54;;;;;;;;;;;;;;;Απόφαση ΔΔΕ Κέρκυρας 3346/14-07-2026 (Γυμνάσια) + myschool stat3_1 05-09-2026 (τρέχοντα βασικά τμήματα/μαθητές) + myschool stat3_10 06-09-2026 (ομάδες ξένων γλωσσών);Πλήρες για αυτόματο υπολογισμό βασικών διδακτικών αναγκών;;
school_registry_v1;2408050;2408050;ΗΜΕΡΗΣΙΟ ΓΥΜΝΑΣΙΟ ΛΙΑΠΑΔΩΝ ΚΕΡΚΥΡΑΣ;Ημερήσιο Γυμνάσιο;ΛΙΑΠΑΔΕΣ, ΤΚ 49083;1;1;1;0;1;0;0;1;0;0;1;0;0;0;0;;;;;;;;;;;;;;;;;;;2026-2027;;14;14;6;;;;;;;;;;;;;;;Απόφαση ΔΔΕ Κέρκυρας 3346/14-07-2026 (Γυμνάσια) + myschool stat3_1 05-09-2026 (τρέχοντα βασικά τμήματα/μαθητές) + myschool stat3_10 06-09-2026 (ομάδες ξένων γλωσσών);Πλήρες για αυτόματο υπολογισμό βασικών διδακτικών αναγκών;;
school_registry_v1;2409010;2409010;ΗΜΕΡΗΣΙΟ ΓΥΜΝΑΣΙΟ με Λ.Τ. ΚΑΣΣΙΟΠΗΣ ΚΕΡΚΥΡΑΣ;Γυμνάσιο με Λυκειακές Τάξεις;ΚΑΣΣΙΟΠΗ, ΤΚ 49081;1;1;1;1;0;0;1;0;0;1;0;0;0;0;0;1;1;1;1;1;;;;;;;;;;;;;;2026-2027;;16;18;16;;;36;12;13;2;2;2;1;1;1;1;1;Β Ανθρωπιστικών Σπουδών | Β Θετικών Σπουδών | Γ Ανθρωπιστικών Σπουδών | Γ Θετικών Σπουδών και Σπουδών Υγείας | Γ Σπουδών Οικονομίας και Πληροφορικής;Απόφαση ΔΔΕ Κέρκυρας 3346/14-07-2026 (Γυμνάσια) + Απόφαση ΔΔΕ Κέρκυρας 3446/24-07-2026 (ΓΕΛ/ΛΤ) + μεταγενέστερες εγκρίσεις ολιγομελών + myschool stat3_1 05-09-2026 (τρέχοντα βασικά τμήματα/μαθητές) + myschool stat3_10 06-09-2026 (ομάδες ξένων γλωσσών);Δομικά στοιχεία καταχωρισμένα · τύπος προσωρινά ανενεργός στο εργαλείο;;Τα γενικά Α/Β/Γ του βασικού schema κρατούν το γυμνασιακό σκέλος· τα στοιχεία Λυκειακών Τάξεων διατηρούνται στις πρόσθετες στήλες ΛΤ.
school_registry_v1;2403010;2403010;ΗΜΕΡΗΣΙΟ ΓΥΜΝΑΣΙΟ ΠΑΞΩΝ;Γυμνάσιο με Λυκειακές Τάξεις;ΠΑΞΟΙ ΚΕΡΚΥΡΑΣ, ΤΚ 49082;2;2;2;2;0;0;1;0;0;2;0;0;0;0;0;1;1;1;1;1;;;;;;;;;;;;;;2026-2027;;31;27;22;;;34;0;0;2;1;1;1;1;1;1;1;Β Ανθρωπιστικών Σπουδών | Γ Θετικών Σπουδών και Σπουδών Υγείας | Γ Σπουδών Οικονομίας και Πληροφορικής;Απόφαση ΔΔΕ Κέρκυρας 3346/14-07-2026 (Γυμνάσια) + Απόφαση ΔΔΕ Κέρκυρας 3446/24-07-2026 (ΓΕΛ/ΛΤ) + μεταγενέστερες εγκρίσεις ολιγομελών + myschool stat3_1 05-09-2026 (τρέχοντα βασικά τμήματα/μαθητές) + myschool stat3_10 06-09-2026 (ομάδες ξένων γλωσσών);Δομικά στοιχεία καταχωρισμένα · τύπος προσωρινά ανενεργός στο εργαλείο;;Τα γενικά Α/Β/Γ του βασικού schema κρατούν το γυμνασιακό σκέλος· τα στοιχεία Λυκειακών Τάξεων διατηρούνται στις πρόσθετες στήλες ΛΤ.
school_registry_v1;2408010;2408010;ΗΜΕΡΗΣΙΟ ΓΥΜΝΑΣΙΟ ΣΚΡΙΠΕΡΟΥ ΚΕΡΚΥΡΑΣ ΜΕ ΛΥΚΕΙΑΚΕΣ ΤΑΞΕΙΣ;Γυμνάσιο με Λυκειακές Τάξεις;ΣΚΡΙΠΕΡΟ, ΤΚ 49083;1;1;1;0;1;0;1;0;0;1;0;0;0;0;0;1;1;1;1;1;;;;;;;;;;;;;;2026-2027;;13;21;11;;;21;20;15;2;2;2;1;1;1;1;1;Β Ανθρωπιστικών Σπουδών | Β Θετικών Σπουδών | Γ Ανθρωπιστικών Σπουδών | Γ Θετικών Σπουδών και Σπουδών Υγείας | Γ Σπουδών Οικονομίας και Πληροφορικής;Απόφαση ΔΔΕ Κέρκυρας 3346/14-07-2026 (Γυμνάσια) + Απόφαση ΔΔΕ Κέρκυρας 3446/24-07-2026 (ΓΕΛ/ΛΤ) + μεταγενέστερες εγκρίσεις ολιγομελών + myschool stat3_1 05-09-2026 (τρέχοντα βασικά τμήματα/μαθητές) + myschool stat3_10 06-09-2026 (ομάδες ξένων γλωσσών);Δομικά στοιχεία καταχωρισμένα · τύπος προσωρινά ανενεργός στο εργαλείο;;Τα γενικά Α/Β/Γ του βασικού schema κρατούν το γυμνασιακό σκέλος· τα στοιχεία Λυκειακών Τάξεων διατηρούνται στις πρόσθετες στήλες ΛΤ.
school_registry_v1;2401065;2401065;ΜΟΥΣΙΚΟ ΓΥΜΝΑΣΙΟ ΚΕΡΚΥΡΑΣ;Μουσικό Σχολείο;ΤΖΑΒΡΟΥ-ΚΑΤΩ ΚΟΡΑΚΙΑΝΑ, ΤΚ 49083;3;4;3;1;2;0;3;3;0;2;1;0;0;0;3;1;2;1;1;1;;;;;;;;;;;;;;2026-2027;;37;78;75;;;50;34;23;2;2;2;1;2;1;1;1;Β Ανθρωπιστικών Σπουδών | Γ Ανθρωπιστικών Σπουδών | Γ Θετικών Σπουδών και Σπουδών Υγείας | Γ Σπουδών Οικονομίας και Πληροφορικής;Απόφαση ΔΔΕ Κέρκυρας 3346/14-07-2026 (Γυμνάσια) + Απόφαση ΔΔΕ Κέρκυρας 3446/24-07-2026 (ΓΕΛ/ΛΤ) + μεταγενέστερες εγκρίσεις ολιγομελών + myschool stat3_1 05-09-2026 (τρέχοντα βασικά τμήματα/μαθητές) + myschool stat3_10 06-09-2026 (ομάδες ξένων γλωσσών);Δομικά στοιχεία καταχωρισμένα · τύπος προσωρινά ανενεργός στο εργαλείο;;Τα γενικά Α/Β/Γ του βασικού schema κρατούν το γυμνασιακό σκέλος· τα στοιχεία Λυκειακών Τάξεων διατηρούνται στις πρόσθετες στήλες ΛΤ.
school_registry_v1;2441001;2441001;ΕΕΕΕΚ ΚΕΡΚΥΡΑ - ΕΕΕΕΚ ΚΕΡΚΥΡΑΣ;Ε.Ε.Ε.ΕΚ.;4ο χλμ ΕΘΝΙΚΗΣ ΛΕΥΚΙΜΜΗΣ, ΤΚ 49100;2;2;1;;;;;;;;;;0;0;0;;;;;;;;;;;;;;;;;;;2026-2027;;8;9;5;3;1;;;;;;;;;;;;;Ενσωματωμένος κατάλογος ΔΔΕ Κέρκυρας / κωδικοί myschool + myschool stat3_1 05-09-2026 (τρέχοντα βασικά τμήματα/μαθητές);Μόνο μητρώο · δεν υπάρχουν στοιχεία τμημάτων στις δύο αποφάσεις;;
school_registry_v1;2440030;2440030;1ο ΕΠΑΛ ΚΕΡΚΥΡΑΣ;ΕΠΑΛ;ΕΥΑΓΓΕΛΟΥ ΝΑΠΟΛΕΟΝΤΟΣ 12, ΤΚ 49100;5;8;7;0;0;0;0;0;0;0;0;0;3;0;0;;;;;;;;;;;;;;;;;;;2026-2027;;107;0;0;;;;;;;;;;;;;;;Ενσωματωμένος κατάλογος ΔΔΕ Κέρκυρας / κωδικοί myschool + myschool stat3_1 05-09-2026 (τρέχοντα βασικά τμήματα/μαθητές) + myschool stat3_10 06-09-2026 (ομάδες ξένων γλωσσών);Μόνο μητρώο · δεν υπάρχουν στοιχεία τμημάτων στις δύο αποφάσεις;;
school_registry_v1;2440050;2440050;1ο ΗΜΕΡΗΣΙΟ ΕΠΑΛ ΚΑΤΩ ΚΟΡΑΚΙΑΝΑΣ;ΕΠΑΛ;ΚΑΤΩ ΚΟΡΑΚΙΑΝΑ - ΚΕΡΚΥΡΑ, ΤΚ 49083;1;1;1;0;0;0;0;0;0;0;0;0;0;0;0;;;;;;;;;;;;;;;;;;;2026-2027;;16;12;8;;;;;;;;;;;;;;;Ενσωματωμένος κατάλογος ΔΔΕ Κέρκυρας / κωδικοί myschool + myschool stat3_1 05-09-2026 (τρέχοντα βασικά τμήματα/μαθητές) + myschool stat3_10 06-09-2026 (ομάδες ξένων γλωσσών);Μόνο μητρώο · δεν υπάρχουν στοιχεία τμημάτων στις δύο αποφάσεις;;
school_registry_v1;2440045;2440045;ΕΣΠΕΡΙΝΟ ΕΠΑ.Λ ΚΕΡΚΥΡΑΣ;Εσπερινό ΕΠΑΛ;ΕΥΑΓΓΕΛΟΥ ΝΑΠΟΛΕΟΝΤΟΣ 12, ΤΚ 49100;2;2;2;0;0;0;0;0;0;0;0;0;0;0;0;;;;;;;;;;;;;;;;;;;2026-2027;;14;27;24;;;;;;;;;;;;;;;Ενσωματωμένος κατάλογος ΔΔΕ Κέρκυρας / κωδικοί myschool + myschool stat3_1 05-09-2026 (τρέχοντα βασικά τμήματα/μαθητές) + myschool stat3_10 06-09-2026 (ομάδες ξένων γλωσσών);Μόνο μητρώο · δεν υπάρχουν στοιχεία τμημάτων στις δύο αποφάσεις;;
school_registry_v1;2448000;2448000;Πρότυπο Επαγγελματικό Λύκειο (Π.ΕΠΑ.Λ.) Κέρκυρας;Πρότυπο ΕΠΑΛ;ΠΑΓΚΡΑΤΕΪΚΑ, ΤΚ 49100;3;5;1;0;0;0;0;0;0;0;0;0;0;0;0;;;;;;;;;;;;;;;;;;;2026-2027;;61;83;14;;;;;;;;;;;;;;;Ενσωματωμένος κατάλογος ΔΔΕ Κέρκυρας / κωδικοί myschool + myschool stat3_1 05-09-2026 (τρέχοντα βασικά τμήματα/μαθητές) + myschool stat3_10 06-09-2026 (ομάδες ξένων γλωσσών);Μόνο μητρώο · δεν υπάρχουν στοιχεία τμημάτων στις δύο αποφάσεις;;
school_registry_v1;2451010;2451010;1ο ΗΜΕΡΗΣΙΟ ΓΕΝΙΚΟ ΛΥΚΕΙΟ ΚΕΡΚΥΡΑΣ;Ημερήσιο Γενικό Λύκειο (ΓΕΛ);ΣΠΥΡΟΥ ΞΥΝΔΑ 4, ΤΚ 49100;3;4;5;2;2;0;2;3;0;0;0;0;;;;2;3;2;2;2;;;;;;;;;;;;;;2026-2027;;;;;;;74;78;102;;;;;;;;;;Απόφαση ΔΔΕ Κέρκυρας 3446/24-07-2026 (ΓΕΛ/ΛΤ) + μεταγενέστερες εγκρίσεις ολιγομελών + myschool stat3_1 05-09-2026 (τρέχοντα βασικά τμήματα/μαθητές) + myschool stat3_10 06-09-2026 (ομάδες ξένων γλωσσών);Τμήματα/προσανατολισμοί/2η ξένη πλήρη · απαιτεί ειδικές ομάδες Γ΄ για πλήρη υπολογισμό;"Γ Μαθηματικά 2ου πεδίου; Γ Βιολογία 3ου πεδίου; Γ Μαθηματικά Γενικής Παιδείας; Γ Ιστορία Γενικής Παιδείας";
school_registry_v1;2451020;2451020;2ο ΗΜΕΡΗΣΙΟ ΓΕΝΙΚΟ ΛΥΚΕΙΟ ΚΕΡΚΥΡΑΣ;Ημερήσιο Γενικό Λύκειο (ΓΕΛ);ΣΠΥΡΟΥ ΞΥΝΔΑ 4, ΤΚ 49100;4;4;5;2;2;0;2;3;0;0;0;0;;;;1;3;1;2;2;;;;;;;;;;;;;;2026-2027;;;;;;;97;56;83;;;;;;;;;Β Ανθρωπιστικών Σπουδών | Γ Ανθρωπιστικών Σπουδών;Απόφαση ΔΔΕ Κέρκυρας 3446/24-07-2026 (ΓΕΛ/ΛΤ) + μεταγενέστερες εγκρίσεις ολιγομελών + myschool stat3_1 05-09-2026 (τρέχοντα βασικά τμήματα/μαθητές) + myschool stat3_10 06-09-2026 (ομάδες ξένων γλωσσών);Τμήματα/προσανατολισμοί/2η ξένη πλήρη · απαιτεί ειδικές ομάδες Γ΄ για πλήρη υπολογισμό;"Γ Μαθηματικά 2ου πεδίου; Γ Βιολογία 3ου πεδίου; Γ Μαθηματικά Γενικής Παιδείας; Γ Ιστορία Γενικής Παιδείας";
school_registry_v1;2451030;2451030;3ο ΗΜΕΡΗΣΙΟ ΓΕΝΙΚΟ ΛΥΚΕΙΟ ΚΕΡΚΥΡΑΣ;Ημερήσιο Γενικό Λύκειο (ΓΕΛ);ΣΠΥΡΟΥ ΞΥΝΔΑ 2, ΤΚ 49100;4;4;5;4;4;0;3;3;0;0;0;0;;;;2;3;2;2;2;;;;;;;;;;;;;;2026-2027;;;;;;;108;93;119;;;;;;;;;;Απόφαση ΔΔΕ Κέρκυρας 3446/24-07-2026 (ΓΕΛ/ΛΤ) + μεταγενέστερες εγκρίσεις ολιγομελών + myschool stat3_1 05-09-2026 (τρέχοντα βασικά τμήματα/μαθητές) + myschool stat3_10 06-09-2026 (ομάδες ξένων γλωσσών);Τμήματα/προσανατολισμοί/2η ξένη πλήρη · απαιτεί ειδικές ομάδες Γ΄ για πλήρη υπολογισμό;"Γ Μαθηματικά 2ου πεδίου; Γ Βιολογία 3ου πεδίου; Γ Μαθηματικά Γενικής Παιδείας; Γ Ιστορία Γενικής Παιδείας";
school_registry_v1;2451040;2451040;4ο ΓΕΝΙΚΟ ΛΥΚΕΙΟ ΚΕΡΚΥΡΑΣ;Ημερήσιο Γενικό Λύκειο (ΓΕΛ);ΠΑΡΟΔΟΣ ΑΓΡΟΚΗΠΙΩΝ 1, ΤΚ 49100;4;5;5;1;3;0;1;4;0;0;0;0;;;;1;4;2;2;2;;;;;;;;;;;;;;2026-2027;;;;;;;85;109;115;;;;;;;;;;Απόφαση ΔΔΕ Κέρκυρας 3446/24-07-2026 (ΓΕΛ/ΛΤ) + μεταγενέστερες εγκρίσεις ολιγομελών + myschool stat3_1 05-09-2026 (τρέχοντα βασικά τμήματα/μαθητές) + myschool stat3_10 06-09-2026 (ομάδες ξένων γλωσσών);Τμήματα/προσανατολισμοί/2η ξένη πλήρη · απαιτεί ειδικές ομάδες Γ΄ για πλήρη υπολογισμό;"Γ Μαθηματικά 2ου πεδίου; Γ Βιολογία 3ου πεδίου; Γ Μαθηματικά Γενικής Παιδείας; Γ Ιστορία Γενικής Παιδείας";
school_registry_v1;2490030;2490030;5ο ΗΜΕΡΗΣΙΟ ΓΕΝΙΚΟ ΛΥΚΕΙΟ ΚΕΡΚΥΡΑΣ;Ημερήσιο Γενικό Λύκειο (ΓΕΛ);Ε. ΝΑΠΟΛΕΟΝΤΟΣ 12, ΤΚ 49132;3;3;3;2;2;0;1;2;0;0;0;0;;;;1;2;1;1;2;;;;;;;;;;;;;;2026-2027;;;;;;;51;53;43;;;;;;;;;Γ Θετικών Σπουδών και Σπουδών Υγείας;Απόφαση ΔΔΕ Κέρκυρας 3446/24-07-2026 (ΓΕΛ/ΛΤ) + μεταγενέστερες εγκρίσεις ολιγομελών + myschool stat3_1 05-09-2026 (τρέχοντα βασικά τμήματα/μαθητές) + myschool stat3_10 06-09-2026 (ομάδες ξένων γλωσσών);Τμήματα/προσανατολισμοί/2η ξένη πλήρη · απαιτεί ειδικές ομάδες Γ΄ για πλήρη υπολογισμό;"Γ Μαθηματικά 2ου πεδίου; Γ Βιολογία 3ου πεδίου; Γ Μαθηματικά Γενικής Παιδείας; Γ Ιστορία Γενικής Παιδείας";
school_registry_v1;2451060;2451060;ΕΣΠΕΡΙΝΟ ΓΕΝΙΚΟ ΛΥΚΕΙΟ ΚΕΡΚΥΡΑΣ;Εσπερινό ΓΕΛ;Σ. ΞΥΝΔΑ 2, ΤΚ 49100;1;1;1;0;0;0;0;0;0;;;;;;;1;1;1;1;1;;;;;;;;;;;;;;2026-2027;;;;;;;0;0;0;;;;;;;;;Β Ανθρωπιστικών Σπουδών | Β Θετικών Σπουδών | Γ Ανθρωπιστικών Σπουδών | Γ Θετικών Σπουδών και Σπουδών Υγείας | Γ Σπουδών Οικονομίας και Πληροφορικής;Απόφαση ΔΔΕ Κέρκυρας 3446/24-07-2026 (ΓΕΛ/ΛΤ) + μεταγενέστερες εγκρίσεις ολιγομελών + myschool stat3_1 05-09-2026 (τρέχοντα βασικά τμήματα/μαθητές) + myschool stat3_10 06-09-2026 (ομάδες ξένων γλωσσών);Δομικά στοιχεία καταχωρισμένα · τύπος προσωρινά ανενεργός στο εργαλείο;;
school_registry_v1;2454010;2454010;ΗΜΕΡΗΣΙΟ ΓΕΝΙΚΟ ΛΥΚΕΙΟ ΑΓΡΟΥ ΚΕΡΚΥΡΑΣ;Ημερήσιο Γενικό Λύκειο (ΓΕΛ);ΑΓΡΟΣ, ΤΚ 49083;3;3;3;3;3;0;1;2;0;0;0;0;;;;1;2;1;1;2;;;;;;;;;;;;;;2026-2027;;;;;;;62;56;52;;;;;;;;;Β Ανθρωπιστικών Σπουδών | Γ Ανθρωπιστικών Σπουδών | Γ Θετικών Σπουδών και Σπουδών Υγείας;Απόφαση ΔΔΕ Κέρκυρας 3446/24-07-2026 (ΓΕΛ/ΛΤ) + μεταγενέστερες εγκρίσεις ολιγομελών + myschool stat3_1 05-09-2026 (τρέχοντα βασικά τμήματα/μαθητές) + myschool stat3_10 06-09-2026 (ομάδες ξένων γλωσσών);Τμήματα/προσανατολισμοί/2η ξένη πλήρη · απαιτεί ειδικές ομάδες Γ΄ για πλήρη υπολογισμό;"Γ Μαθηματικά 2ου πεδίου; Γ Βιολογία 3ου πεδίου; Γ Μαθηματικά Γενικής Παιδείας; Γ Ιστορία Γενικής Παιδείας";
school_registry_v1;2457010;2457010;ΗΜΕΡΗΣΙΟ ΓΕΝΙΚΟ ΛΥΚΕΙΟ ΚΑΣΤΕΛΛΑΝΩΝ ΜΕΣΗΣ - ΚΕΡΚΥΡΑΣ;Ημερήσιο Γενικό Λύκειο (ΓΕΛ);ΚΑΣΤΕΛΛΑΝΟΙ ΜΕΣΗΣ, ΤΚ 49084;2;2;2;1;2;0;1;2;0;0;0;0;;;;1;2;1;1;1;;;;;;;;;;;;;;2026-2027;;;;;;;44;36;40;;;;;;;;;Β Ανθρωπιστικών Σπουδών | Γ Ανθρωπιστικών Σπουδών | Γ Θετικών Σπουδών και Σπουδών Υγείας;Απόφαση ΔΔΕ Κέρκυρας 3446/24-07-2026 (ΓΕΛ/ΛΤ) + μεταγενέστερες εγκρίσεις ολιγομελών + myschool stat3_1 05-09-2026 (τρέχοντα βασικά τμήματα/μαθητές) + myschool stat3_10 06-09-2026 (ομάδες ξένων γλωσσών);Τμήματα/προσανατολισμοί/2η ξένη πλήρη · απαιτεί ειδικές ομάδες Γ΄ για πλήρη υπολογισμό;"Γ Μαθηματικά 2ου πεδίου; Γ Βιολογία 3ου πεδίου; Γ Μαθηματικά Γενικής Παιδείας; Γ Ιστορία Γενικής Παιδείας";
school_registry_v1;2452010;2452010;ΗΜΕΡΗΣΙΟ ΓΕΝΙΚΟ ΛΥΚΕΙΟ ΛΕΥΚΙΜΜΗΣ ΚΕΡΚΥΡΑΣ;Ημερήσιο Γενικό Λύκειο (ΓΕΛ);ΠΟΛΥΤΕΧΝΕΙΟΥ 2, ΤΚ 49080;2;2;2;0;2;0;0;2;0;0;0;0;;;;1;1;1;1;1;;;;;;;;;;;;;;2026-2027;;;;;;;42;38;30;;;;;;;;;Β Ανθρωπιστικών Σπουδών | Γ Ανθρωπιστικών Σπουδών | Γ Θετικών Σπουδών και Σπουδών Υγείας | Γ Σπουδών Οικονομίας και Πληροφορικής;Απόφαση ΔΔΕ Κέρκυρας 3446/24-07-2026 (ΓΕΛ/ΛΤ) + μεταγενέστερες εγκρίσεις ολιγομελών + myschool stat3_1 05-09-2026 (τρέχοντα βασικά τμήματα/μαθητές) + myschool stat3_10 06-09-2026 (ομάδες ξένων γλωσσών);Τμήματα/προσανατολισμοί/2η ξένη πλήρη · απαιτεί ειδικές ομάδες Γ΄ για πλήρη υπολογισμό;"Γ Μαθηματικά 2ου πεδίου; Γ Βιολογία 3ου πεδίου; Γ Μαθηματικά Γενικής Παιδείας; Γ Ιστορία Γενικής Παιδείας";
school_registry_v1;SEK087;SEK087;1ο ΕΡΓΑΣΤΗΡΙΑΚΟ ΚΕΝΤΡΟ ΚΕΡΚΥΡΑΣ;Εργαστηριακό Κέντρο (Ε.Κ.);ΕΥΑΓΓΕΛΟΥ ΝΑΠΟΛΕΟΝΤΟΣ 12, ΤΚ 49100;;;;;;;;;;;;;;;;;;;;;;;;;;;;;;;;;;2026-2027;;;;;;;;;;;;;;;;;;;Ενσωματωμένος κατάλογος ΔΔΕ Κέρκυρας / κωδικοί myschool;Μόνο μητρώο · δεν υπάρχουν στοιχεία τμημάτων στις δύο αποφάσεις;;
